,proba_de,proba_not_de,bayes_factor,scale1,scale2,pseudocounts,delta,lfc_mean,lfc_median,lfc_std,lfc_min,lfc_max,raw_mean1,raw_mean2,non_zeros_proportion1,non_zeros_proportion2,raw_normalized_mean1,raw_normalized_mean2,is_de_fdr_0.05,comparison,group1,group2
Stxbp5l,0.9984,0.0016000000000000458,6.4361441284049565,0.0064025223,0.00015580597,0.0,0.25,6.197937,6.195874,2.166695,-1.3320055,14.107558,39.923416,0.3139058,0.8828828828828796,0.08062811414766698,172.39572,0.98286605,True,Neuroendocrine MCs vs Rest,Neuroendocrine MCs,Rest
Rap1gap2,0.9976,0.0023999999999999577,6.029879500378016,0.0031316723,0.0001783029,0.0,0.25,5.0401783,4.9242964,1.9903401,-1.1900969,11.9927,6.990992,0.3184347,0.8873873873873841,0.14041974935829782,30.577145,1.1177788,True,Neuroendocrine MCs vs Rest,Neuroendocrine MCs,Rest
Car8,0.9964,0.0036000000000000476,5.623212170188158,0.006733997,0.0002074857,0.0,0.25,6.9505806,6.865334,2.8551028,-2.7159843,17.680384,35.049553,0.56605685,0.8108108108108083,0.06492526045598652,156.81921,1.7287576,True,Neuroendocrine MCs vs Rest,Neuroendocrine MCs,Rest
Cacna2d1,0.9958,0.0041999999999999815,5.468459538011395,0.012349165,0.00075426255,0.0,0.25,4.3954034,4.4136496,1.7115974,-2.0171332,10.828463,64.18018,1.5497631,0.9729729729729688,0.3817001358901023,289.96335,6.7433844,True,Neuroendocrine MCs vs Rest,Neuroendocrine MCs,Rest
Snap25,0.9956,0.0043999999999999595,5.421738766888735,0.0018015509,7.7642595e-05,0.0,0.25,5.850797,5.531263,2.748799,-2.2522535,15.612925,4.0225234,0.067945115,0.7252252252252236,0.033821531028234854,20.56617,0.22427577,True,Neuroendocrine MCs vs Rest,Neuroendocrine MCs,Rest
Ptprn2,0.9954,0.0046000000000000485,5.377086199064927,0.0068345293,0.00023623715,0.0,0.25,5.601233,5.6640105,2.237016,-2.1042824,12.047752,22.518011,0.45417324,0.8918918918918886,0.13105843273441053,106.98199,1.6329585,True,Neuroendocrine MCs vs Rest,Neuroendocrine MCs,Rest
9030622O22Rik,0.9954,0.0046000000000000485,5.377086199064927,0.0010688403,1.2021598e-05,0.0,0.25,7.6277976,7.638986,3.2467592,-3.6204634,17.46753,0.9279278,0.007398458,0.1936936936936938,0.0034727464895062646,4.676143,0.026816016,True,Neuroendocrine MCs vs Rest,Neuroendocrine MCs,Rest
Clca3b,0.994,0.006000000000000005,5.1099760808236026,0.004100843,0.00011433523,0.0,0.25,6.0346756,6.0799913,2.5607443,-3.9563828,14.170588,15.626128,0.21787721,0.7027027027027013,0.05375207609844466,69.419014,0.5719929,True,Neuroendocrine MCs vs Rest,Neuroendocrine MCs,Rest
Speer4c,0.9936,0.006399999999999961,5.0450351683792265,0.0015436672,5.420031e-05,0.0,0.25,6.1325436,6.054757,2.9252634,-3.8443165,18.965855,5.3378386,0.042729918,0.5090090090090096,0.014796919824852768,20.115088,0.106396265,True,Neuroendocrine MCs vs Rest,Neuroendocrine MCs,Rest
Gm609,0.9934,0.00660000000000005,5.014062248556934,0.002288265,9.888723e-05,0.0,0.25,6.094598,6.1890454,2.6432338,-3.8097725,14.990281,3.698199,0.07640046,0.5855855855855854,0.03548240978408567,20.065048,0.4050227,True,Neuroendocrine MCs vs Rest,Neuroendocrine MCs,Rest
Rfx6,0.993,0.007000000000000006,4.954819096489944,0.000806151,9.782054e-06,0.0,0.25,7.6387405,7.711234,3.4719193,-3.9738998,20.197823,1.3783785,0.005737581,0.37387387387387433,0.0036237354673108848,7.4590964,0.015854107,True,Neuroendocrine MCs vs Rest,Neuroendocrine MCs,Rest
Vwf,0.993,0.007000000000000006,4.954819096489944,0.0012321795,8.095302e-05,0.0,0.25,4.2916417,4.2444487,1.8617038,-2.9445772,11.20561,3.0135145,0.123357624,0.5270270270270274,0.06915295183451588,13.931786,0.46525395,True,Neuroendocrine MCs vs Rest,Neuroendocrine MCs,Rest
Atp2a3,0.9928,0.007199999999999984,4.926446829052988,0.0013987706,0.00040153423,0.0,0.25,3.5015788,3.6675882,2.0283656,-4.3906803,9.571533,2.9774795,0.6489472,0.7567567567567548,0.19145402385626398,13.542138,3.188375,True,Neuroendocrine MCs vs Rest,Neuroendocrine MCs,Rest
Celf3,0.9926,0.007399999999999962,4.8988464216673355,0.0010013543,9.127858e-05,0.0,0.25,4.778497,4.5542836,2.4949212,-2.5704546,17.628134,1.846849,0.16684276,0.729729729729728,0.08802657406009334,8.02941,0.6021206,True,Neuroendocrine MCs vs Rest,Neuroendocrine MCs,Rest
Elavl4,0.992,0.008000000000000007,4.820280325686463,0.0011777098,4.1440417e-05,0.0,0.25,5.797247,5.7751093,2.7177742,-4.9326086,16.566566,2.2522533,0.027630987,0.5630630630630631,0.007247470934621778,11.2881365,0.061715696,True,Neuroendocrine MCs vs Rest,Neuroendocrine MCs,Rest
Fmo3,0.9916,0.008399999999999963,4.771086913921002,0.0016149551,9.422358e-05,0.0,0.25,5.9575944,5.7708573,3.0209756,-2.4799805,15.270523,5.1306305,0.20277819,0.4054054054054059,0.03125471840555632,22.02023,0.55135244,True,Neuroendocrine MCs vs Rest,Neuroendocrine MCs,Rest
Cd177,0.9912,0.00880000000000003,4.724163482556559,0.0020312057,4.1069165e-05,0.0,0.25,6.413558,6.429226,3.2959576,-6.3551683,18.854284,4.432433,0.045447752,0.4549549549549556,0.017967688358749782,25.015623,0.12572742,True,Neuroendocrine MCs vs Rest,Neuroendocrine MCs,Rest
Chrm3,0.9906,0.009399999999999964,4.6576000771438535,0.00092881324,7.15e-05,0.0,0.25,4.81737,4.763866,2.4357734,-3.9179459,16.082438,2.3063066,0.10297448,0.274774774774775,0.023554280537520712,12.238285,0.39177698,True,Neuroendocrine MCs vs Rest,Neuroendocrine MCs,Rest
Scn3a,0.9906,0.009399999999999964,4.6576000771438535,0.0015417343,9.504213e-05,0.0,0.25,5.8828187,5.5454993,3.4418864,-6.35231,15.691401,3.3468478,0.1316622,0.6576576576576567,0.04892042880869683,16.37028,0.39243788,True,Neuroendocrine MCs vs Rest,Neuroendocrine MCs,Rest
Rimbp2,0.9894,0.010600000000000054,4.536243764386936,0.0010757922,6.996738e-05,0.0,0.25,5.0757055,4.967689,2.5739954,-2.5359411,13.451278,2.7072084,0.10901391,0.6486486486486478,0.03684131058432725,14.02828,0.25919428,True,Neuroendocrine MCs vs Rest,Neuroendocrine MCs,Rest
Arhgef38,0.9892,0.010800000000000032,4.517349485700766,0.0025160604,0.00020823693,0.0,0.25,4.386717,4.4496665,1.9456728,-1.9301596,10.112754,5.896402,0.30499712,0.7432432432432414,0.11656349086516647,29.95208,1.2621573,True,Neuroendocrine MCs vs Rest,Neuroendocrine MCs,Rest
Cacna1a,0.9882,0.011800000000000033,4.427784737602169,0.0029221585,0.00024805558,0.0,0.25,3.5611103,3.704367,1.5588205,-2.9357395,8.926772,7.045046,0.6524174,0.8423423423423395,0.27132719311491516,34.989132,2.3206136,True,Neuroendocrine MCs vs Rest,Neuroendocrine MCs,Rest
1700016L21Rik,0.9882,0.011800000000000033,4.427784737602169,0.0030482449,0.0002593851,0.0,0.25,4.7101226,4.7434864,2.3798409,-4.712633,12.23512,6.2792816,0.46761104,0.8243243243243217,0.15053601087120827,28.736776,1.5778716,True,Neuroendocrine MCs vs Rest,Neuroendocrine MCs,Rest
Cacnb2,0.9876,0.012399999999999967,4.3775804885343055,0.0031693482,0.000187724,0.0,0.25,4.395546,4.431009,2.1523855,-2.3460865,11.417775,10.382885,0.2032313,0.5585585585585586,0.06447229352257267,52.63647,0.88756335,True,Neuroendocrine MCs vs Rest,Neuroendocrine MCs,Rest
Tmem163,0.9874,0.012599999999999945,4.361377628344464,0.0019239364,0.000115144554,0.0,0.25,5.0837207,5.014537,2.770313,-3.9718742,14.122799,4.8288317,0.17529815,0.6846846846846835,0.0540540540540539,23.314209,0.6079385,True,Neuroendocrine MCs vs Rest,Neuroendocrine MCs,Rest
5330417C22Rik,0.9872,0.012800000000000034,4.345426711105514,0.0023417447,0.00032961235,0.0,0.25,3.44933,3.3812609,1.6925288,-2.1755219,9.033471,4.7927957,0.7470879,0.8693693693693663,0.2791786199607561,23.829435,2.5890946,True,Neuroendocrine MCs vs Rest,Neuroendocrine MCs,Rest
Fchsd2,0.987,0.013000000000000012,4.329719922873182,0.003164349,0.00053859723,0.0,0.25,2.8814933,2.8696194,1.3729775,-3.0781841,7.899493,6.648653,0.95982647,0.9054054054054019,0.39347727615886374,31.057413,4.3638306,True,Neuroendocrine MCs vs Rest,Neuroendocrine MCs,Rest
Ica1,0.9862,0.013800000000000034,4.269189867129377,0.0014921693,0.00019002247,0.0,0.25,3.1862195,3.2744575,1.4435313,-1.8700829,8.273194,3.4954984,0.30333608,0.7342342342342325,0.17348633549751258,16.227509,1.2124695,True,Neuroendocrine MCs vs Rest,Neuroendocrine MCs,Rest
A230057D06Rik,0.9856,0.014399999999999968,4.226021701899203,0.0018391717,8.966468e-05,0.0,0.25,4.6917825,4.833191,2.5433493,-4.8786974,15.080378,4.382885,0.08802656,0.513513513513514,0.0295938396497055,20.386797,0.26449347,True,Neuroendocrine MCs vs Rest,Neuroendocrine MCs,Rest
Tox3,0.9852,0.014800000000000035,4.198216819951087,0.0022441824,0.0002429274,0.0,0.25,4.5766997,4.495709,2.3765543,-3.365593,11.463584,5.130634,0.4292602,0.8288288288288261,0.14419447380341366,25.335356,1.7690296,True,Neuroendocrine MCs vs Rest,Neuroendocrine MCs,Rest
A330076H08Rik,0.9848,0.015199999999999991,4.171142499277839,0.0009794239,4.8196758e-05,0.0,0.25,4.859868,5.10995,2.8742158,-9.752415,14.979847,1.9234246,0.03880418,0.4909909909909917,0.014494941869243529,9.134162,0.12029817,True,Neuroendocrine MCs vs Rest,Neuroendocrine MCs,Rest
Itln1,0.9848,0.015199999999999991,4.171142499277839,0.0012754808,0.00012369126,0.0,0.25,4.264541,4.10594,2.613192,-4.890336,12.923848,7.022525,0.56288403,0.48198198198198267,0.1929639136343103,25.601116,1.3510667,True,Neuroendocrine MCs vs Rest,Neuroendocrine MCs,Rest
Fmo2,0.9842,0.015800000000000036,4.131818565648299,0.0014095589,0.00012942823,0.0,0.25,4.505167,4.4650683,2.3516066,-2.2364712,12.663395,3.2792804,0.21742414,0.5360360360360363,0.05148724143137536,14.545148,0.73452574,True,Neuroendocrine MCs vs Rest,Neuroendocrine MCs,Rest
Agbl4,0.984,0.016000000000000014,4.119036559975268,0.0013850133,0.00014232841,0.0,0.25,3.928473,3.954502,2.068948,-3.6832495,12.865742,2.9189196,0.22014213,0.5405405405405408,0.049524384719915306,13.86634,0.73015916,True,Neuroendocrine MCs vs Rest,Neuroendocrine MCs,Rest
Soat1,0.9836,0.01639999999999997,4.093937375922709,0.0008668272,0.00017468978,0.0,0.25,2.5802836,2.5320797,1.293009,-1.8035393,8.569345,2.873876,0.41068774,0.6441441441441433,0.19900347274649566,10.933238,1.5847013,True,Neuroendocrine MCs vs Rest,Neuroendocrine MCs,Rest
Gm41609,0.9832,0.016800000000000037,4.069433086775562,0.00030196356,3.5378667e-05,0.0,0.25,4.148207,4.063314,2.3487608,-3.8299074,12.62109,0.38738734,0.038653217,0.10360360360360357,0.01917560018118674,2.4282486,0.18186796,True,Neuroendocrine MCs vs Rest,Neuroendocrine MCs,Rest
Galnt13,0.9832,0.016800000000000037,4.069433086775562,0.00091199874,6.233811e-05,0.0,0.25,4.616802,4.5541444,2.5863333,-4.234206,13.50182,0.8198197,0.07594747,0.13963963963963963,0.0196285671146006,4.913683,0.24914752,True,Neuroendocrine MCs vs Rest,Neuroendocrine MCs,Rest
Dner,0.9826,0.01739999999999997,4.033731348978669,0.0005569148,4.619665e-05,0.0,0.25,5.024385,5.0527983,3.0856063,-9.128601,17.559147,1.0450449,0.03518046,0.432432432432433,0.016004831647289726,4.927165,0.10858736,True,Neuroendocrine MCs vs Rest,Neuroendocrine MCs,Rest
Scg5,0.9824,0.01759999999999995,4.0220990973462705,0.0022717004,0.0004022035,0.0,0.25,2.7626133,2.729599,1.3440354,-1.9401875,7.9082007,5.4774804,1.0338153,0.8513513513513484,0.340631133927242,23.85663,3.443058,True,Neuroendocrine MCs vs Rest,Neuroendocrine MCs,Rest
Pex5l,0.982,0.018000000000000016,3.9992190050861978,0.0009915229,0.00010609063,0.0,0.25,3.7769036,3.7028432,2.1328619,-4.008396,14.412274,1.9549556,0.15853845,0.41441441441441496,0.05858372338819249,8.7027445,0.5519877,True,Neuroendocrine MCs vs Rest,Neuroendocrine MCs,Rest
Chgb,0.9818,0.018199999999999994,3.9879654882761786,0.0013642441,9.421961e-05,0.0,0.25,4.774372,4.858265,3.0754414,-5.524846,14.078962,3.662162,0.12381087,0.44594594594594655,0.017514721425335923,21.028196,0.31427342,True,Neuroendocrine MCs vs Rest,Neuroendocrine MCs,Rest
Akr1c19,0.9816,0.018399999999999972,3.9768326954910993,0.00084489555,8.407203e-05,0.0,0.25,4.8083034,4.103818,3.180932,-3.708149,15.526761,1.8828844,0.20911993,0.6351351351351344,0.10433338366299227,9.369441,0.60264665,True,Neuroendocrine MCs vs Rest,Neuroendocrine MCs,Rest
Fetub,0.9816,0.018399999999999972,3.9768326954910993,0.0009071364,0.00013264127,0.0,0.25,3.4881308,3.5885024,1.7604635,-4.129779,8.618961,1.3513515,0.206704,0.2612612612612615,0.07685338970255148,5.7672677,0.69985235,True,Neuroendocrine MCs vs Rest,Neuroendocrine MCs,Rest
Clec2e,0.9814,0.01859999999999995,3.965818015491911,0.00034294845,3.4700122e-05,0.0,0.25,4.4597497,4.3652196,2.926721,-8.09645,15.63858,1.0360361,0.050732333,0.265765765765766,0.023101313604106853,4.172144,0.16548863,True,Neuroendocrine MCs vs Rest,Neuroendocrine MCs,Rest
Capsl,0.9812,0.01880000000000004,3.9549189208252784,0.0014436455,0.00030166985,0.0,0.25,2.4356513,2.4714494,1.1697582,-2.1820374,6.956251,4.000003,0.80702794,0.8243243243243217,0.33368564094822883,16.83978,2.5894742,True,Neuroendocrine MCs vs Rest,Neuroendocrine MCs,Rest
Tshz2,0.981,0.019000000000000017,3.9441329642769505,0.0020988488,0.00022996192,0.0,0.25,3.6515672,3.69165,2.081326,-4.179102,9.937979,6.036039,0.2897476,0.7567567567567548,0.12486788464442056,31.082376,1.6214207,True,Neuroendocrine MCs vs Rest,Neuroendocrine MCs,Rest
Gsdma,0.981,0.019000000000000017,3.9441329642769505,0.00090002845,0.00012574065,0.0,0.25,3.96199,3.845963,2.3436239,-3.764927,11.309449,2.2657669,0.28521797,0.44594594594594655,0.09014041974935802,8.648979,0.74094296,True,Neuroendocrine MCs vs Rest,Neuroendocrine MCs,Rest
St18,0.9808,0.019199999999999995,3.9334577755107722,0.0016496279,0.00063177047,0.0,0.25,3.196563,3.4421268,2.3839371,-5.7511663,10.078852,3.1126142,1.2735924,0.6261261261261255,0.09633096783934743,17.75101,6.3862557,True,Neuroendocrine MCs vs Rest,Neuroendocrine MCs,Rest
Nfasc,0.9808,0.019199999999999995,3.9334577755107722,0.0017905325,0.00025811463,0.0,0.25,3.3455653,3.1555676,1.8883438,-2.978304,9.628806,4.2792816,0.730329,0.8243243243243217,0.30182696663145114,19.630194,2.331634,True,Neuroendocrine MCs vs Rest,Neuroendocrine MCs,Rest
Gm12511,0.9804,0.01959999999999995,3.9124305854134556,0.00017352922,3.398138e-05,0.0,0.25,4.9287386,5.1334057,2.9544275,-5.9452896,14.9731655,0.26126125,0.036539353,0.14414414414414414,0.012381096179978852,1.4853203,0.12953125,True,Neuroendocrine MCs vs Rest,Neuroendocrine MCs,Rest
Kcnk3,0.98,0.020000000000000018,3.8918198083148323,0.0004707994,3.0564515e-05,0.0,0.25,5.6509423,5.0364594,4.3002443,-7.404991,25.015316,0.779279,0.028234953,0.274774774774775,0.01358900800241581,4.3230233,0.07970662,True,Neuroendocrine MCs vs Rest,Neuroendocrine MCs,Rest
Sidt1,0.98,0.020000000000000018,3.8918198083148323,0.0009104931,0.00011937628,0.0,0.25,3.4957461,3.4680328,1.8930277,-3.814643,9.475456,1.9369386,0.13875875,0.5855855855855854,0.07126679752378055,10.8420925,0.702141,True,Neuroendocrine MCs vs Rest,Neuroendocrine MCs,Rest
Nol4,0.9798,0.020199999999999996,3.8816653799540974,0.0032398708,0.0005599597,0.0,0.25,3.1294847,3.1340833,1.6688564,-2.7377596,11.597678,8.648651,1.2251276,0.8918918918918886,0.3335346519704242,37.978672,4.7483172,True,Neuroendocrine MCs vs Rest,Neuroendocrine MCs,Rest
Chga,0.9796,0.020399999999999974,3.8716089442401334,0.0021616053,0.00011413339,0.0,0.25,4.606429,4.5748343,2.7698994,-5.7035317,13.646441,4.6486497,0.40525246,0.621621621621621,0.10478635059640613,25.747528,1.079782,True,Neuroendocrine MCs vs Rest,Neuroendocrine MCs,Rest
Pdzrn3,0.9794,0.02059999999999995,3.8616485882462412,0.0010336179,0.00010051874,0.0,0.25,3.5315056,3.590487,2.122979,-4.1676464,9.925356,2.1891904,0.100407586,0.4594594594594601,0.044994715385776714,11.6558275,0.50158733,True,Neuroendocrine MCs vs Rest,Neuroendocrine MCs,Rest
Gabrb3,0.9794,0.02059999999999995,3.8616485882462412,0.0010501741,0.00018269652,0.0,0.25,3.2431202,3.03866,1.9147022,-2.3450174,11.461472,1.8738748,0.3069603,0.5180180180180185,0.09316019930545041,9.719642,0.992364,True,Neuroendocrine MCs vs Rest,Neuroendocrine MCs,Rest
Gm38619-1,0.9792,0.02080000000000004,3.8517824544940904,0.00022240703,1.9980005e-05,0.0,0.25,5.024912,4.897321,3.1550963,-4.5986547,15.544839,0.25225222,0.009663293,0.1261261261261261,0.006643515023403296,1.0588361,0.026542544,True,Neuroendocrine MCs vs Rest,Neuroendocrine MCs,Rest
Ceacam10,0.9788,0.021199999999999997,3.83232568840914,0.0015857186,0.00017929693,0.0,0.25,3.3840392,3.3680754,1.9657807,-4.509201,10.332303,4.441442,0.35467198,0.522522522522523,0.141174694247321,19.31724,0.9669178,True,Neuroendocrine MCs vs Rest,Neuroendocrine MCs,Rest
Klk1,0.9786,0.021399999999999975,3.822731599756288,0.0017888896,0.0001660888,0.0,0.25,4.4405494,4.457878,2.7194715,-6.7405615,13.567326,18.472973,1.2029303,0.5585585585585586,0.07670240072474686,65.39116,2.8292248,True,Neuroendocrine MCs vs Rest,Neuroendocrine MCs,Rest
Scg2,0.9784,0.021599999999999953,3.813224816940758,0.0009400319,3.9637725e-05,0.0,0.25,4.8198867,4.9160304,3.4486244,-7.2318554,19.25157,2.3648648,0.07624943,0.18468468468468477,0.009210327646081838,15.725543,0.19304574,True,Neuroendocrine MCs vs Rest,Neuroendocrine MCs,Rest
Serpina3j,0.978,0.02200000000000002,3.794466772356098,0.000975109,0.00014428125,0.0,0.25,4.159916,4.2722983,2.5088954,-6.5283556,12.15339,1.9729732,0.43590385,0.31981981981982016,0.11958327042125887,8.980159,1.4646425,True,Neuroendocrine MCs vs Rest,Neuroendocrine MCs,Rest
Cd55,0.9776,0.022399999999999975,3.7760391933569983,0.0007296106,0.00012075013,0.0,0.25,2.9042706,3.0325208,1.5273373,-3.779006,8.014514,1.9549559,0.3282497,0.4954954954954962,0.1295485429563642,7.5295596,1.0204479,True,Neuroendocrine MCs vs Rest,Neuroendocrine MCs,Rest
Rdh16f2,0.9776,0.022399999999999975,3.7760391933569983,0.00035069181,3.8799906e-05,0.0,0.25,5.1272826,4.9521246,3.3938625,-5.07619,17.140072,0.69369346,0.03910617,0.3288288288288292,0.014645930847048148,3.3371308,0.096028134,True,Neuroendocrine MCs vs Rest,Neuroendocrine MCs,Rest
Resp18,0.9774,0.022599999999999953,3.766945646311264,0.0043730307,0.00073665316,0.0,0.25,4.106014,4.136579,2.7137764,-5.078548,13.761587,13.9909935,3.3833568,0.7252252252252236,0.27178016004832906,56.597,9.445693,True,Neuroendocrine MCs vs Rest,Neuroendocrine MCs,Rest
Rims2,0.9764,0.023599999999999954,3.722625213000223,0.0024903605,0.00041002888,0.0,0.25,3.3427708,3.3998928,1.801693,-2.7845678,9.296439,5.612617,0.7875542,0.9099099099099064,0.25834214102371666,27.101683,3.3201632,True,Neuroendocrine MCs vs Rest,Neuroendocrine MCs,Rest
Pcsk1,0.9764,0.023599999999999954,3.722625213000223,0.00031451535,2.2022774e-05,0.0,0.25,3.9917824,3.9309082,2.8357797,-5.4375324,13.78067,0.7387386,0.021893406,0.2252252252252254,0.01404197493582967,4.0488915,0.060172398,True,Neuroendocrine MCs vs Rest,Neuroendocrine MCs,Rest
Prlr,0.9762,0.023800000000000043,3.7139814928514396,0.001035239,0.00017866009,0.0,0.25,2.812251,2.8305445,1.5244011,-3.6959853,9.447399,3.3108118,0.3205487,0.5675675675675675,0.13332326740148004,13.756362,1.1647478,True,Neuroendocrine MCs vs Rest,Neuroendocrine MCs,Rest
Cpe,0.9758,0.0242,3.6969046112440425,0.00046054382,6.679404e-05,0.0,0.25,3.949943,3.7685714,2.5781672,-5.102024,12.279166,0.9009007,0.10478623,0.20270270270270282,0.04152196889627046,4.329847,0.4359347,True,Neuroendocrine MCs vs Rest,Neuroendocrine MCs,Rest
Cntnap5b,0.9758,0.0242,3.6969046112440425,0.0011070947,0.00014436273,0.0,0.25,3.4033804,3.472858,2.0553815,-4.846404,10.097975,3.369371,0.5095857,0.5630630630630631,0.13604106900196344,14.957514,1.4408371,True,Neuroendocrine MCs vs Rest,Neuroendocrine MCs,Rest
Syt7,0.9756,0.024399999999999977,3.688469134456731,0.0009836329,0.00012699365,0.0,0.25,3.5852687,3.5190191,2.165298,-3.3522682,10.217599,1.8963982,0.29669306,0.6531531531531523,0.1244149177110067,9.255726,0.81783795,True,Neuroendocrine MCs vs Rest,Neuroendocrine MCs,Rest
Ddc,0.9756,0.024399999999999977,3.688469134456731,0.0008156577,0.00011630325,0.0,0.25,3.5206044,3.3719592,2.1985364,-3.3804731,11.738219,1.522523,0.23131533,0.4054054054054059,0.1044843726407969,7.750185,0.70634794,True,Neuroendocrine MCs vs Rest,Neuroendocrine MCs,Rest
Fam183b,0.975,0.025000000000000022,3.663561256386136,0.0015606382,0.00014861886,0.0,0.25,4.4382133,4.5026727,3.1869092,-8.544914,15.764744,2.234236,0.22482271,0.5180180180180185,0.04786350596406449,12.901207,0.68305755,True,Neuroendocrine MCs vs Rest,Neuroendocrine MCs,Rest
Rundc3b,0.975,0.025000000000000022,3.663561256386136,0.00016606739,2.8160397e-05,0.0,0.25,3.2287748,3.212636,2.0697217,-5.1539307,10.587705,0.34234226,0.034727518,0.21621621621621637,0.025819115204590008,1.6610185,0.119233444,True,Neuroendocrine MCs vs Rest,Neuroendocrine MCs,Rest
Cyp7b1,0.9746,0.025399999999999978,3.6472775729448257,0.0015059338,0.00031736007,0.0,0.25,2.554594,2.552709,1.3829929,-1.9780674,7.815016,3.8558564,0.4922205,0.7117117117117102,0.244602144043495,18.669703,2.7185662,True,Neuroendocrine MCs vs Rest,Neuroendocrine MCs,Rest
Cmah,0.9742,0.025800000000000045,3.631241752112877,0.00039254883,6.2506726e-05,0.0,0.25,4.04065,3.681766,2.8543699,-4.342285,14.10345,0.52702695,0.16352098,0.17117117117117123,0.07806130152498844,1.9347656,0.43350488,True,Neuroendocrine MCs vs Rest,Neuroendocrine MCs,Rest
Gm4791,0.974,0.026000000000000023,3.623314391272682,0.0007549167,0.00011249727,0.0,0.25,4.123252,3.9269643,2.741168,-4.0632143,15.067244,1.6126134,0.22769122,0.4954954954954962,0.10584327344103847,6.8484664,0.7921792,True,Neuroendocrine MCs vs Rest,Neuroendocrine MCs,Rest
Fhl2,0.974,0.026000000000000023,3.623314391272682,0.0014706146,0.00019260345,0.0,0.25,3.0053704,3.026741,1.7974008,-2.4769297,9.152561,2.9324338,0.22542702,0.621621621621621,0.10795711913030315,17.220438,1.1327188,True,Neuroendocrine MCs vs Rest,Neuroendocrine MCs,Rest
St3gal6,0.9736,0.02639999999999998,3.607636163004399,0.0013075959,0.00033801456,0.0,0.25,2.3290718,2.2884312,1.2991881,-3.1979485,7.8774137,2.8738744,0.5468781,0.5990990990990988,0.20896874528160148,12.463428,2.0892022,True,Neuroendocrine MCs vs Rest,Neuroendocrine MCs,Rest
Camk2n1,0.9736,0.02639999999999998,3.607636163004399,0.001244796,0.00021217088,0.0,0.25,3.2158365,3.2256536,1.9780729,-4.891651,9.33839,3.5495522,0.42593798,0.7792792792792771,0.16337007398460213,16.875088,1.5807096,True,Neuroendocrine MCs vs Rest,Neuroendocrine MCs,Rest
Col8a1,0.9734,0.026599999999999957,3.599883515945192,0.0005945405,7.200955e-05,0.0,0.25,3.6940613,3.7284436,2.4800558,-5.4738836,12.500102,1.5720721,0.05767782,0.3018018018018021,0.012381096179978852,7.676829,0.2120743,True,Neuroendocrine MCs vs Rest,Neuroendocrine MCs,Rest
Clps,0.9734,0.026599999999999957,3.599883515945192,0.00034636105,5.9562863e-05,0.0,0.25,3.428123,3.4502602,2.3438318,-3.3938417,10.532608,1.0945945,0.2655896,0.13963963963963963,0.03623735467310877,3.401627,0.5633977,True,Neuroendocrine MCs vs Rest,Neuroendocrine MCs,Rest
Hepacam2,0.9732,0.026800000000000046,3.592187360533676,0.0014307058,0.00030009553,0.0,0.25,3.5659585,3.6919708,2.2066507,-3.856226,11.052442,3.1351361,0.46036425,0.5855855855855854,0.10508832855201537,15.508076,1.878626,True,Neuroendocrine MCs vs Rest,Neuroendocrine MCs,Rest
Gramd3,0.9728,0.027200000000000002,3.5769611805425647,0.0025008037,0.00059153326,0.0,0.25,2.2605526,2.3075433,1.2147686,-2.7339687,6.635072,5.9414444,1.3379204,0.8783783783783752,0.4540238562585218,27.650713,5.544491,True,Neuroendocrine MCs vs Rest,Neuroendocrine MCs,Rest
Stk32a,0.9722,0.027800000000000047,3.5545251744885458,0.00020684485,2.4645748e-05,0.0,0.25,3.9519935,3.7522726,3.005302,-5.5780497,15.34538,0.35135132,0.033519574,0.12162162162162157,0.015702853691680486,2.0120888,0.093163475,True,Neuroendocrine MCs vs Rest,Neuroendocrine MCs,Rest
Syn2,0.9716,0.02839999999999998,3.532554710140545,0.0017314545,0.0003056732,0.0,0.25,2.871521,2.8568163,1.786372,-3.8428946,9.127535,4.9414444,0.92314106,0.8198198198198172,0.27570587347124953,21.793175,2.6961455,True,Neuroendocrine MCs vs Rest,Neuroendocrine MCs,Rest
Fam155a,0.9714,0.02859999999999996,3.525331272729971,0.00040570594,6.64557e-05,0.0,0.25,3.64007,3.8479414,3.0483842,-8.660538,13.806662,1.3603603,0.08787561,0.14864864864864866,0.01842065529216364,6.2740474,0.31766075,True,Neuroendocrine MCs vs Rest,Neuroendocrine MCs,Rest
Dach2,0.9714,0.02859999999999996,3.525331272729971,0.0004950979,9.477125e-05,0.0,0.25,3.3525512,3.206555,2.2989511,-3.4627447,12.050933,1.4774777,0.2998639,0.23873873873873894,0.060395591121847926,4.9876103,1.0690906,True,Neuroendocrine MCs vs Rest,Neuroendocrine MCs,Rest
Pigr,0.9712,0.028800000000000048,3.5181566962377104,0.0020903733,0.00050120626,0.0,0.25,3.449725,3.5249386,2.4255953,-5.9235954,11.309896,6.6666718,1.3672073,0.6171171171171166,0.15446172429412874,26.620367,4.388451,True,Neuroendocrine MCs vs Rest,Neuroendocrine MCs,Rest
Vcan,0.971,0.029000000000000026,3.5110303037759842,0.0005819705,0.00011528513,0.0,0.25,3.0995803,2.9106808,2.0772493,-5.787469,11.570015,0.85135126,0.15536755,0.14414414414414414,0.06975690774573436,3.064595,0.7230469,True,Neuroendocrine MCs vs Rest,Neuroendocrine MCs,Rest
Kcnh7,0.9708,0.029200000000000004,3.5039514324132983,0.000921528,0.00024980554,0.0,0.25,3.0502288,3.0187101,2.1031365,-5.567008,12.952848,1.7207209,0.55171263,0.1936936936936938,0.0785142684584023,7.287125,2.302278,True,Neuroendocrine MCs vs Rest,Neuroendocrine MCs,Rest
Clca1,0.9706,0.02939999999999998,3.4969194327933892,0.0005524228,6.955732e-05,0.0,0.25,4.262774,4.0163536,3.5361295,-8.422287,16.89792,2.7072074,0.2646837,0.14414414414414414,0.038653178317982685,9.795835,0.76624566,True,Neuroendocrine MCs vs Rest,Neuroendocrine MCs,Rest
Ihh,0.9706,0.02939999999999998,3.4969194327933892,9.197566e-05,1.8521247e-05,0.0,0.25,4.24555,4.2941475,3.4156868,-6.1330767,15.565336,0.16216214,0.03518045,0.11711711711711707,0.00800241582364488,0.8251351,0.09106365,True,Neuroendocrine MCs vs Rest,Neuroendocrine MCs,Rest
Mid1ip1,0.9702,0.02980000000000005,3.4829935170364954,0.000488744,0.00010259115,0.0,0.25,2.2999961,2.3206286,1.2726597,-3.1249332,7.872735,0.96846807,0.20761015,0.4954954954954962,0.13211535557904297,4.227072,0.72460806,True,Neuroendocrine MCs vs Rest,Neuroendocrine MCs,Rest
Tspan1,0.9698,0.030200000000000005,3.469247619476059,0.0018753748,0.00030858204,0.0,0.25,4.0851417,3.7563162,2.746965,-4.1874275,11.201646,5.0900936,0.7487521,0.8288288288288261,0.17831798278726085,19.8456,2.3389785,True,Neuroendocrine MCs vs Rest,Neuroendocrine MCs,Rest
Cib3,0.9698,0.030200000000000005,3.469247619476059,0.0008981661,0.00015474114,0.0,0.25,3.2406144,3.151976,2.1540668,-3.2268524,12.58692,2.2657666,0.23297627,0.38738738738738787,0.08319492677034551,8.963676,0.60507035,True,Neuroendocrine MCs vs Rest,Neuroendocrine MCs,Rest
Gne,0.9696,0.030399999999999983,3.4624406882690915,0.00061931746,0.00014159892,0.0,0.25,2.4123538,2.5125718,1.4121103,-3.8657951,6.89956,1.7117125,0.3172268,0.5675675675675675,0.17907292767628402,7.681071,1.2869576,True,Neuroendocrine MCs vs Rest,Neuroendocrine MCs,Rest
Tnr,0.969,0.031000000000000028,3.4422770951449433,0.00030150072,4.8094775e-05,0.0,0.25,3.3857539,3.1713057,2.5207918,-5.81567,14.569743,0.41891888,0.06734114,0.13963963963963963,0.026574060093613107,2.4690936,0.18301369,True,Neuroendocrine MCs vs Rest,Neuroendocrine MCs,Rest
Smbd1,0.9688,0.031200000000000006,3.4356397872327245,0.00014516847,2.11083e-05,0.0,0.25,3.7576663,3.6212807,3.2985456,-9.27824,16.505798,0.4414414,0.017514722,0.17117117117117123,0.009965272535104937,1.4954623,0.043331802,True,Neuroendocrine MCs vs Rest,Neuroendocrine MCs,Rest
Grasp,0.9686,0.031399999999999983,3.429043528907814,0.0008422222,0.00019127446,0.0,0.25,2.3762486,2.3812776,1.2752578,-2.5103168,7.443084,2.378379,0.48150027,0.6441441441441433,0.23342895968595212,10.017506,1.7319913,True,Neuroendocrine MCs vs Rest,Neuroendocrine MCs,Rest
Unc13b,0.9684,0.03159999999999996,3.4224877983417037,0.00076276355,0.00014662194,0.0,0.25,2.7081897,2.6485791,1.6097889,-2.0009346,9.36285,1.4279286,0.2320703,0.44594594594594655,0.11928129246564963,6.332709,0.94521374,True,Neuroendocrine MCs vs Rest,Neuroendocrine MCs,Rest
Etv1,0.9682,0.03180000000000005,3.4159720835825462,0.0006803634,0.00014635189,0.0,0.25,2.7687876,2.8744512,1.8677093,-4.3544884,11.409855,1.3243247,0.31013092,0.3693693693693698,0.12426392873320208,6.623512,1.1273351,True,Neuroendocrine MCs vs Rest,Neuroendocrine MCs,Rest
Cryba2,0.968,0.03200000000000003,3.409495882307477,0.0005933388,0.00014780967,0.0,0.25,3.4371946,3.4482336,2.734684,-5.29311,11.510711,1.7387395,0.2735921,0.37387387387387433,0.05722482258795091,6.7345676,0.8296041,True,Neuroendocrine MCs vs Rest,Neuroendocrine MCs,Rest
Spock3,0.968,0.03200000000000003,3.409495882307477,0.0063014203,0.0013318425,0.0,0.25,3.3842835,3.369904,2.17824,-2.395475,10.21574,14.599097,4.633412,0.8513513513513484,0.41280386531785684,59.453754,13.961741,True,Neuroendocrine MCs vs Rest,Neuroendocrine MCs,Rest
Kcnk16,0.9678,0.032200000000000006,3.4030587015826104,0.00018197183,4.4128617e-05,0.0,0.25,4.9769006,4.5378532,4.879477,-7.921487,23.374516,0.31531525,0.048467483,0.21171171171171185,0.010871206401932655,1.9008366,0.104611136,True,Neuroendocrine MCs vs Rest,Neuroendocrine MCs,Rest
Ang,0.9672,0.03280000000000005,3.3839764893716042,0.00070590083,0.00017425958,0.0,0.25,2.3342338,2.3977952,1.3771019,-4.1375723,7.0062876,1.6441448,0.25788936,0.6036036036036032,0.12834063113392713,6.602392,1.0813695,True,Neuroendocrine MCs vs Rest,Neuroendocrine MCs,Rest
Slc22a22,0.9672,0.03280000000000005,3.3839764893716042,0.000588221,0.0001498859,0.0,0.25,3.3481684,3.3199143,2.3757193,-5.080928,10.57692,1.2972977,0.28627503,0.2702702702702705,0.08123207005888546,5.4016323,1.1641085,True,Neuroendocrine MCs vs Rest,Neuroendocrine MCs,Rest
Cpb2,0.967,0.03300000000000003,3.377690641297818,0.0002443342,5.1543117e-05,0.0,0.25,3.1599007,3.2649841,2.2123785,-5.456605,10.032924,0.56306297,0.08198702,0.20720720720720734,0.0295938396497055,2.5993054,0.19134702,True,Neuroendocrine MCs vs Rest,Neuroendocrine MCs,Rest
Nrp1,0.967,0.03300000000000003,3.377690641297818,0.0005316708,0.000103374245,0.0,0.25,2.5179384,2.5773478,1.4840449,-2.8464613,7.5244904,1.2477484,0.13966447,0.3648648648648653,0.08379888268156399,6.6361074,0.7523931,True,Neuroendocrine MCs vs Rest,Neuroendocrine MCs,Rest
Col6a5,0.967,0.03300000000000003,3.377690641297818,0.00036304587,6.561488e-05,0.0,0.25,3.4738352,3.2849498,2.7574306,-5.235853,14.6087475,0.4234234,0.1553676,0.1306306306306306,0.0708138305903667,2.2223103,0.45697966,True,Neuroendocrine MCs vs Rest,Neuroendocrine MCs,Rest
Prom1,0.9662,0.03380000000000005,3.3529097641232113,0.0003899488,8.780677e-05,0.0,0.25,3.3142707,3.273542,2.390913,-5.332038,11.581491,0.9864863,0.19749364,0.31081081081081113,0.07368262116865447,4.3170376,0.70367694,True,Neuroendocrine MCs vs Rest,Neuroendocrine MCs,Rest
Tmprss2,0.966,0.03400000000000003,3.3468030258307184,0.00089418155,0.0002501249,0.0,0.25,2.8451657,2.991147,1.96727,-4.8277707,8.721356,2.3378391,0.6154275,0.4954954954954962,0.21244149177110805,9.439231,2.2653449,True,Neuroendocrine MCs vs Rest,Neuroendocrine MCs,Rest
2210407C18Rik,0.966,0.03400000000000003,3.3468030258307184,0.0028775819,0.0005625881,0.0,0.25,3.2390053,3.2290096,2.3453684,-5.2021236,10.814756,8.630633,1.8731754,0.6756756756756745,0.17469424731994965,26.786242,4.895852,True,Neuroendocrine MCs vs Rest,Neuroendocrine MCs,Rest
Runx1t1,0.9658,0.03420000000000001,3.3407308473273742,0.00059499685,6.409909e-05,0.0,0.25,3.477598,3.6797762,2.8888435,-7.76046,12.141577,1.4594594,0.11505348,0.34684684684684725,0.0510342744979615,8.318076,0.44249135,True,Neuroendocrine MCs vs Rest,Neuroendocrine MCs,Rest
Enpp2,0.9652,0.03480000000000005,3.322717669974713,0.0005180086,0.00012054348,0.0,0.25,2.3389683,2.355918,1.4347246,-3.314434,9.079465,0.99099094,0.26105982,0.11261261261261257,0.07942020232523002,3.4844182,0.87265617,True,Neuroendocrine MCs vs Rest,Neuroendocrine MCs,Rest
Rnf220,0.9652,0.03480000000000005,3.322717669974713,0.0010746509,0.000226174,0.0,0.25,2.3511875,2.4223962,1.405259,-2.4771318,7.0495033,1.5675688,0.50852495,0.4054054054054059,0.2864260908953785,8.038373,2.2673557,True,Neuroendocrine MCs vs Rest,Neuroendocrine MCs,Rest
Frk,0.965,0.03500000000000003,3.316779764498021,0.0011949646,0.00027785185,0.0,0.25,2.6135304,2.6118102,1.5860301,-2.4095335,7.2435455,2.3693707,0.4824066,0.729729729729728,0.23176808093010115,11.003247,2.375397,True,Neuroendocrine MCs vs Rest,Neuroendocrine MCs,Rest
Ramp1,0.965,0.03500000000000003,3.316779764498021,0.00036856355,7.706477e-05,0.0,0.25,3.011865,3.1193004,2.347091,-6.5208473,10.405649,0.38738734,0.14676125,0.18018018018018025,0.055261965876490855,2.0036,0.35371137,True,Neuroendocrine MCs vs Rest,Neuroendocrine MCs,Rest
Kcnj3,0.9648,0.03520000000000001,3.310874469642843,0.001026118,0.00023036463,0.0,0.25,4.024501,3.7011323,3.0509925,-3.3546686,12.914946,1.8378385,0.656044,0.4369369369369375,0.1736373244753172,9.765212,2.144766,True,Neuroendocrine MCs vs Rest,Neuroendocrine MCs,Rest
Satb2,0.9646,0.03539999999999999,3.305001415376299,0.00057137583,0.00014387906,0.0,0.25,2.7449017,2.9143372,1.9223047,-5.1069374,10.076609,0.68018,0.26483488,0.27927927927927954,0.11837535859882191,3.3733845,1.2186471,True,Neuroendocrine MCs vs Rest,Neuroendocrine MCs,Rest
Iapp,0.9642,0.035800000000000054,3.293350579606588,0.0018950428,0.000404159,0.0,0.25,3.2331984,3.3475018,2.5590222,-7.320696,12.525721,16.72072,2.3101318,0.28378378378378405,0.10750415219688929,52.789867,4.2822375,True,Neuroendocrine MCs vs Rest,Neuroendocrine MCs,Rest
9130015G15Rik,0.9642,0.035800000000000054,3.293350579606588,6.732e-05,1.9996183e-05,0.0,0.25,4.058545,3.7122183,4.065576,-6.9108047,17.21003,0.13963962,0.019779555,0.10810810810810807,0.011475162313151134,0.6208447,0.0687064,True,Neuroendocrine MCs vs Rest,Neuroendocrine MCs,Rest
Hs6st3,0.964,0.03600000000000003,3.2875720887501396,0.0009403782,0.00016072475,0.0,0.25,2.7975895,2.800467,2.0633547,-3.7001867,12.434412,2.1891892,0.35361594,0.18018018018018025,0.08379888268156399,9.911269,1.1014217,True,Neuroendocrine MCs vs Rest,Neuroendocrine MCs,Rest
Anxa13,0.9638,0.03620000000000001,3.2818244195070476,0.0005381792,0.00013942365,0.0,0.25,3.1873608,3.1838713,2.3240414,-5.3153734,10.294133,1.2792791,0.3279475,0.31081081081081113,0.0822889929035178,5.5188193,1.0054847,True,Neuroendocrine MCs vs Rest,Neuroendocrine MCs,Rest
Sult1d1,0.9636,0.03639999999999999,3.276107231750535,0.00041147342,6.925888e-05,0.0,0.25,3.7673512,3.4223309,2.8911653,-5.708542,15.079122,0.9684683,0.16503094,0.35135135135135176,0.055865921787709334,4.756603,0.4148531,True,Neuroendocrine MCs vs Rest,Neuroendocrine MCs,Rest
Tenm1,0.9636,0.03639999999999999,3.276107231750535,0.00084849854,0.00016013008,0.0,0.25,3.2852383,3.2472653,2.8207014,-9.662467,13.228649,2.0135138,0.3937785,0.274774774774775,0.06311339272233109,9.908746,1.2784837,True,Neuroendocrine MCs vs Rest,Neuroendocrine MCs,Rest
Tafa1,0.9634,0.036599999999999966,3.270420190944699,0.0021491307,0.0005492598,0.0,0.25,3.4500957,3.1899118,2.77142,-5.4674897,12.836645,7.211714,2.3187408,0.3648648648648653,0.2211988524837768,38.701065,8.006763,True,Neuroendocrine MCs vs Rest,Neuroendocrine MCs,Rest
Tekt4,0.9634,0.036599999999999966,3.270420190944699,8.837148e-05,3.6865447e-05,0.0,0.25,4.261511,4.2401614,3.8949819,-6.89466,16.267624,0.17567565,0.05209124,0.1261261261261261,0.017363732447531303,0.98713934,0.12952231,True,Neuroendocrine MCs vs Rest,Neuroendocrine MCs,Rest
Peg3,0.9634,0.036599999999999966,3.270420190944699,0.0010811343,0.00016762782,0.0,0.25,2.906932,3.0210757,2.4207428,-6.844041,10.52874,2.3423433,0.22316213,0.44594594594594655,0.11505360108712027,10.959806,1.2053574,True,Neuroendocrine MCs vs Rest,Neuroendocrine MCs,Rest
Gpr183,0.963,0.03700000000000003,3.2591352392678825,0.00034662517,8.851587e-05,0.0,0.25,2.3903453,2.2750416,1.518061,-2.423236,9.311118,0.66666657,0.15189484,0.1666666666666667,0.06432130454476805,1.903826,0.36898178,True,Neuroendocrine MCs vs Rest,Neuroendocrine MCs,Rest
Nxph1,0.963,0.03700000000000003,3.2591352392678825,0.0009602175,0.00014611085,0.0,0.25,3.2622702,3.138888,2.5691383,-4.378417,13.597647,3.0180175,0.4926762,0.4009009009009014,0.097689868639589,15.804173,1.3987216,True,Neuroendocrine MCs vs Rest,Neuroendocrine MCs,Rest
Arg1,0.9622,0.037799999999999945,3.236912972482433,0.0004906807,0.00010580732,0.0,0.25,3.4944692,3.389556,2.6844523,-5.8192644,11.324724,0.34234232,0.15551858,0.11711711711711707,0.044843726407972094,1.636663,0.4005553,True,Neuroendocrine MCs vs Rest,Neuroendocrine MCs,Rest
Ambp,0.9622,0.037799999999999945,3.236912972482433,0.00035435823,4.382064e-05,0.0,0.25,3.8372097,3.5746756,3.7173924,-7.241579,16.166622,1.1036035,0.08576172,0.1981981981981983,0.02415823644873919,5.001557,0.19548477,True,Neuroendocrine MCs vs Rest,Neuroendocrine MCs,Rest
Clmn,0.9622,0.037799999999999945,3.236912972482433,0.0015555855,0.00045426306,0.0,0.25,2.5865538,2.6642833,1.7921679,-3.9525805,8.911055,2.671173,0.7318388,0.6846846846846835,0.2743469726710078,13.64366,3.6795826,True,Neuroendocrine MCs vs Rest,Neuroendocrine MCs,Rest
Crmp1,0.9616,0.03839999999999999,3.2205408541699643,9.5648065e-05,3.4375367e-05,0.0,0.25,2.7032902,2.7508574,3.345353,-7.8892326,12.658206,0.17567565,0.058885764,0.14414414414414414,0.02491318133776229,0.82576674,0.13023171,True,Neuroendocrine MCs vs Rest,Neuroendocrine MCs,Rest
Aldh1b1,0.9614,0.03859999999999997,3.2151380303232497,0.00016584409,4.6297442e-05,0.0,0.25,2.5993884,2.6364083,2.0668,-5.691269,11.402806,0.3738738,0.13045424,0.17567567567567574,0.06824701796768816,1.4324841,0.38700008,True,Neuroendocrine MCs vs Rest,Neuroendocrine MCs,Rest
Map1b,0.9614,0.03859999999999997,3.2151380303232497,0.0024732938,0.000594771,0.0,0.25,2.1065605,2.1599703,1.3719714,-4.3279448,7.7267756,5.144146,1.3344487,0.8828828828828796,0.4574966027480284,23.407587,5.693131,True,Neuroendocrine MCs vs Rest,Neuroendocrine MCs,Rest
Slc39a8,0.9612,0.038799999999999946,3.209762009904824,0.0003362042,7.6465745e-05,0.0,0.25,2.525744,2.5168648,2.3879642,-4.9314623,10.781037,0.77477455,0.058281846,0.27927927927927954,0.03759625547335035,3.7752342,0.3802757,True,Neuroendocrine MCs vs Rest,Neuroendocrine MCs,Rest
Muc13,0.961,0.039000000000000035,3.204412516836249,0.0009412329,0.00037785817,0.0,0.25,2.8483922,2.755134,2.6692097,-6.0032187,11.800519,1.981983,0.93401605,0.4054054054054059,0.14464744073682756,9.762861,2.8580348,True,Neuroendocrine MCs vs Rest,Neuroendocrine MCs,Rest
Tmed6,0.9608,0.03920000000000001,3.199089279275342,6.3648054e-05,2.4006682e-05,0.0,0.25,3.1435935,3.1784825,2.818835,-7.4530697,13.378531,0.15315314,0.028083967,0.11711711711711707,0.017061754491922064,0.70812964,0.076612726,True,Neuroendocrine MCs vs Rest,Neuroendocrine MCs,Rest
Kcnb2,0.9608,0.03920000000000001,3.199089279275342,0.00333007,0.0008177245,0.0,0.25,2.5307593,2.530885,1.8793335,-4.0603647,8.722853,8.887391,0.89747566,0.6846846846846835,0.22965423524083628,46.970646,6.6020765,True,Neuroendocrine MCs vs Rest,Neuroendocrine MCs,Rest
Espn,0.9608,0.03920000000000001,3.199089279275342,0.0011228598,0.0006497713,0.0,0.25,1.6793054,1.806993,1.5435545,-4.47058,6.4123783,2.0270288,1.1016142,0.6126126126126121,0.31722784236752377,9.264363,4.9927144,True,Neuroendocrine MCs vs Rest,Neuroendocrine MCs,Rest
Adcy1,0.9606,0.03939999999999999,3.1937920295299222,0.00016915677,4.5045297e-05,0.0,0.25,3.5178547,3.2202744,3.0714808,-6.7499046,12.880878,0.36486477,0.10357836,0.20270270270270282,0.04574966027479981,1.5271838,0.28440386,True,Neuroendocrine MCs vs Rest,Neuroendocrine MCs,Rest
Ccdc162,0.9604,0.03959999999999997,3.1885205039737716,0.00072233664,0.00023534143,0.0,0.25,1.9615971,1.9349332,1.2221051,-4.0975657,6.5134077,1.6171181,0.507924,0.5405405405405408,0.19568171523479372,6.961285,1.7299261,True,Neuroendocrine MCs vs Rest,Neuroendocrine MCs,Rest
Rptn,0.9604,0.03959999999999997,3.1885205039737716,0.0019016189,0.000757037,0.0,0.25,3.007988,3.2975826,2.8087234,-5.0035114,10.795252,4.36937,2.2421908,0.3963963963963969,0.19054808998943618,14.470199,7.737988,True,Neuroendocrine MCs vs Rest,Neuroendocrine MCs,Rest
Klk1b11,0.9602,0.03979999999999995,3.1832744429646964,0.00022720308,0.00020651154,0.0,0.25,0.8492927,0.7675781,3.84286,-9.89404,13.075001,1.481982,0.7709487,0.12162162162162157,0.07942020232523002,2.8460557,1.8398397,True,Neuroendocrine MCs vs Rest,Neuroendocrine MCs,Rest
Ctnna3,0.9602,0.03979999999999995,3.1832744429646964,0.00048753587,0.00012222293,0.0,0.25,3.1591206,3.0345879,2.4751928,-4.4431763,10.785432,0.67567563,0.37973675,0.12162162162162157,0.0807791031254716,3.678276,0.9853427,True,Neuroendocrine MCs vs Rest,Neuroendocrine MCs,Rest
Bace2,0.96,0.040000000000000036,3.1780535907646423,0.0006228431,0.00016529577,0.0,0.25,2.340113,2.2288861,1.5871109,-3.7204552,7.9425507,1.2252257,0.3021283,0.4549549549549556,0.1538577683829102,5.565925,1.3060691,True,Neuroendocrine MCs vs Rest,Neuroendocrine MCs,Rest
Cacna1e,0.9598,0.040200000000000014,3.172857695461819,0.00033004116,8.015295e-05,0.0,0.25,3.120042,3.082202,2.543962,-6.232256,11.846907,0.79279256,0.22950329,0.265765765765766,0.07866525743620692,3.4084506,0.79794383,True,Neuroendocrine MCs vs Rest,Neuroendocrine MCs,Rest
Cited1,0.9594,0.04059999999999997,3.16253978657807,0.00030210326,6.9145055e-05,0.0,0.25,2.9287236,2.9596891,2.6070116,-7.769601,12.7809305,1.4324328,0.14328846,0.20270270270270282,0.03049977351653322,4.330053,0.3666884,True,Neuroendocrine MCs vs Rest,Neuroendocrine MCs,Rest
Ceacam1,0.959,0.041000000000000036,3.152318774704249,0.0003060014,8.375954e-05,0.0,0.25,3.2330525,3.1746683,2.4488268,-5.3243895,14.227696,0.54954946,0.11671434,0.1981981981981983,0.05224218632039846,2.432546,0.42476436,True,Neuroendocrine MCs vs Rest,Neuroendocrine MCs,Rest
Grid2,0.9588,0.041200000000000014,3.1472440139160347,0.0016190258,0.00036690733,0.0,0.25,2.4548073,2.4687066,1.8657408,-5.9107294,9.757875,3.792793,0.8219814,0.3063063063063066,0.15989732749509555,19.644815,3.0430677,True,Neuroendocrine MCs vs Rest,Neuroendocrine MCs,Rest
Gng4,0.9582,0.04179999999999995,3.132159956120126,0.00013230396,4.077938e-05,0.0,0.25,2.6464794,2.7311711,2.472141,-6.238085,11.0510025,0.2972972,0.06764313,0.2297297297297299,0.03170768533897018,1.311135,0.20488021,True,Neuroendocrine MCs vs Rest,Neuroendocrine MCs,Rest
Vnn3,0.958,0.04200000000000004,3.127177932030695,0.00032954387,0.00012802817,0.0,0.25,2.7988577,2.7396297,3.1477523,-8.735343,13.719063,0.6351352,0.32749492,0.11711711711711707,0.10433338366299227,1.6029717,0.96080023,True,Neuroendocrine MCs vs Rest,Neuroendocrine MCs,Rest
Slc17a4,0.958,0.04200000000000004,3.127177932030695,0.000122082,4.826974e-05,0.0,0.25,2.9957542,2.7361946,3.062608,-6.8392067,14.774663,0.17567565,0.109466985,0.10810810810810807,0.04544768231919057,0.8037827,0.3237794,True,Neuroendocrine MCs vs Rest,Neuroendocrine MCs,Rest
Pwwp3b,0.958,0.04200000000000004,3.127177932030695,0.0008602275,0.00019777939,0.0,0.25,2.196913,2.24969,1.4440145,-3.2301502,7.4077578,1.5360368,0.27585676,0.4009009009009014,0.12667975237807616,7.7507997,1.0282878,True,Neuroendocrine MCs vs Rest,Neuroendocrine MCs,Rest
Gfra3,0.958,0.04200000000000004,3.127177932030695,0.00020818962,3.5476e-05,0.0,0.25,4.122083,3.7258406,3.5912485,-5.5911713,14.949994,0.52252245,0.12441468,0.13513513513513511,0.06326438170013571,1.4912969,0.302993,True,Neuroendocrine MCs vs Rest,Neuroendocrine MCs,Rest
Lefty1,0.9578,0.042200000000000015,3.122218540340339,0.00014022665,4.0582414e-05,0.0,0.25,2.4878514,2.5623965,2.0039432,-5.420909,11.189899,0.2882882,0.06250954,0.21171171171171185,0.021591423826060656,1.3016163,0.17129725,True,Neuroendocrine MCs vs Rest,Neuroendocrine MCs,Rest
Tmem178b,0.9578,0.042200000000000015,3.122218540340339,0.0005768175,0.00012957062,0.0,0.25,2.5136907,2.5753036,2.0520182,-4.819392,12.144225,1.2882886,0.16201112,0.3648648648648653,0.0685489959232974,5.588081,0.6360591,True,Neuroendocrine MCs vs Rest,Neuroendocrine MCs,Rest
Nrg1,0.9574,0.04259999999999997,3.112366799386283,0.0047874395,0.0012908023,0.0,0.25,2.4229631,2.374897,1.6287241,-2.5657635,8.750919,13.252253,5.254144,0.7657657657657637,0.46987769892800835,67.467026,16.591515,True,Neuroendocrine MCs vs Rest,Neuroendocrine MCs,Rest
Slc6a14,0.9574,0.04259999999999997,3.112366799386283,0.0002569694,7.848697e-05,0.0,0.25,2.465015,2.448154,1.945605,-4.7745266,10.627572,0.25225222,0.10976885,0.10810810810810807,0.049675373697719925,1.1290644,0.3978214,True,Neuroendocrine MCs vs Rest,Neuroendocrine MCs,Rest
Fam135a,0.9574,0.04259999999999997,3.112366799386283,0.0008393572,0.00025699916,0.0,0.25,2.0584633,2.045343,1.2789724,-2.330183,6.592058,2.4909928,0.6188971,0.7522522522522503,0.3169258644119145,11.826365,2.7048383,True,Neuroendocrine MCs vs Rest,Neuroendocrine MCs,Rest
Srrm3,0.9572,0.04279999999999995,3.1074740302487736,0.00014710535,4.0346516e-05,0.0,0.25,2.797352,2.7056675,2.463738,-5.5984344,10.071116,0.39189178,0.05948974,0.2927927927927931,0.027027027027026966,1.9334147,0.15699472,True,Neuroendocrine MCs vs Rest,Neuroendocrine MCs,Rest
Chsy3,0.9572,0.04279999999999995,3.1074740302487736,0.00067863736,0.00020093132,0.0,0.25,2.2045193,2.0935674,1.5091971,-3.3303041,9.340053,1.3873876,0.36569414,0.41891891891891947,0.13755095878000978,6.309904,1.6339623,True,Neuroendocrine MCs vs Rest,Neuroendocrine MCs,Rest
Enho,0.957,0.04300000000000004,3.1026030536505993,0.0012283154,0.00029961,0.0,0.25,2.3856273,2.472651,1.984813,-5.595665,10.658572,2.6621637,0.7129654,0.6396396396396389,0.24913181337763401,12.593896,2.5977044,True,Neuroendocrine MCs vs Rest,Neuroendocrine MCs,Rest
Prune2,0.957,0.04300000000000004,3.1026030536505993,0.0005881456,0.00013298333,0.0,0.25,2.4404552,2.51222,2.3043263,-5.364337,12.685509,1.081081,0.251699,0.47747747747747815,0.12079118224369582,6.6170163,1.0345525,True,Neuroendocrine MCs vs Rest,Neuroendocrine MCs,Rest
Pkib,0.9568,0.043200000000000016,3.0977536669163523,0.00040854464,8.770112e-05,0.0,0.25,3.0905898,2.8502793,2.531978,-4.6798353,12.52977,1.0135133,0.18375364,0.3063063063063066,0.06326438170013571,4.5043445,0.5018379,True,Neuroendocrine MCs vs Rest,Neuroendocrine MCs,Rest
Emb,0.9568,0.043200000000000016,3.0977536669163523,0.0020803807,0.0004846255,0.0,0.25,2.2131336,2.230914,1.5101826,-3.1649008,8.205223,4.540543,0.8788967,0.7927927927927905,0.34893552770649683,20.31297,3.9388402,True,Neuroendocrine MCs vs Rest,Neuroendocrine MCs,Rest
Snhg11,0.9568,0.043200000000000016,3.0977536669163523,0.00095477497,0.00031035076,0.0,0.25,2.1609027,2.1540985,1.7601756,-5.7055807,9.42463,0.67117095,0.33066553,0.1666666666666667,0.08017514721425312,3.6715631,1.485161,True,Neuroendocrine MCs vs Rest,Neuroendocrine MCs,Rest
Gm31698,0.9566,0.043399999999999994,3.0929256701788073,0.00024381833,4.8681e-05,0.0,0.25,2.9347394,2.8747435,2.6380587,-5.869746,14.013226,0.45045042,0.04665565,0.11711711711711707,0.027178016004831586,1.5824249,0.17921665,True,Neuroendocrine MCs vs Rest,Neuroendocrine MCs,Rest
Dtna,0.9566,0.043399999999999994,3.0929256701788073,0.00017353719,4.2868644e-05,0.0,0.25,2.4790108,2.581964,2.0601268,-5.249629,9.430755,0.32882875,0.051336333,0.11711711711711707,0.023403291559716093,1.4841142,0.22286443,True,Neuroendocrine MCs vs Rest,Neuroendocrine MCs,Rest
Gm9926,0.9566,0.043399999999999994,3.0929256701788073,0.00042975167,0.0001281569,0.0,0.25,3.0938845,2.706182,2.3415382,-3.157977,10.617405,0.86036,0.34410262,0.4279279279279285,0.15144194473803607,4.130732,1.0562167,True,Neuroendocrine MCs vs Rest,Neuroendocrine MCs,Rest
Vil1,0.9564,0.04359999999999997,3.088118866327286,0.0007632442,0.00015785806,0.0,0.25,2.8166027,2.8313732,2.1841257,-4.9249325,12.002146,1.3288294,0.31858552,0.4864864864864872,0.1300015098897781,6.9456606,1.1147673,True,Neuroendocrine MCs vs Rest,Neuroendocrine MCs,Rest
Tmem117,0.956,0.04400000000000004,3.078568062320689,0.0016168454,0.00040156936,0.0,0.25,2.3070107,2.3865151,1.525652,-3.9378595,7.491759,4.585587,0.9107585,0.7567567567567548,0.33474256379286127,21.565775,4.035131,True,Neuroendocrine MCs vs Rest,Neuroendocrine MCs,Rest
Pappa,0.956,0.04400000000000004,3.078568062320689,0.0005413162,0.00012410388,0.0,0.25,2.3871772,2.4010077,2.3970716,-7.245532,10.531773,0.554054,0.29397538,0.10810810810810807,0.10523931752981999,2.542441,0.8340569,True,Neuroendocrine MCs vs Rest,Neuroendocrine MCs,Rest
Cyp2a5,0.9558,0.04420000000000002,3.0738236812785265,0.0024983836,0.0009170802,0.0,0.25,2.8539565,3.010812,2.8567448,-8.78669,11.649951,8.927929,4.1094613,0.3333333333333337,0.2696663143590642,26.452694,11.382413,True,Neuroendocrine MCs vs Rest,Neuroendocrine MCs,Rest
Sema3e,0.9558,0.04420000000000002,3.0738236812785265,0.00043324518,0.000112384114,0.0,0.25,2.4107974,2.4224982,2.1995301,-4.761574,12.771283,0.98648626,0.20640218,0.2972972972972976,0.07896723539181616,4.995886,0.9204814,True,Neuroendocrine MCs vs Rest,Neuroendocrine MCs,Rest
Slc4a10,0.9552,0.04479999999999995,3.0597123904721504,0.00038206266,0.000105950654,0.0,0.25,2.6782446,2.6601276,2.0712085,-4.556652,11.13389,0.84234226,0.22391675,0.25675675675675697,0.07187075343499903,4.5339317,0.6970593,True,Neuroendocrine MCs vs Rest,Neuroendocrine MCs,Rest
Klk1b16,0.9552,0.04479999999999995,3.0597123904721504,0.00045724143,0.00017642602,0.0,0.25,1.9037532,1.9269485,3.7388618,-11.037302,13.471493,3.0405407,0.85036933,0.15765765765765768,0.05224218632039846,8.622843,2.1103537,True,Neuroendocrine MCs vs Rest,Neuroendocrine MCs,Rest
Lipc,0.9552,0.04479999999999995,3.0597123904721504,0.00077108946,0.00023653281,0.0,0.25,2.560309,2.638925,1.8789767,-3.7070837,9.881768,1.8063073,0.5225699,0.47747747747747815,0.1731843575419033,7.0360107,1.9625149,True,Neuroendocrine MCs vs Rest,Neuroendocrine MCs,Rest
Iglc1,0.955,0.04500000000000004,3.0550486389594163,0.000560398,0.00017934975,0.0,0.25,2.4767118,2.3686004,2.8454247,-7.2855244,13.12005,1.472973,0.3801898,0.21171171171171185,0.08168503699229931,5.111968,1.0308374,True,Neuroendocrine MCs vs Rest,Neuroendocrine MCs,Rest
Gm47662,0.955,0.04500000000000004,3.0550486389594163,0.00041573943,9.567077e-05,0.0,0.25,2.7598715,2.7293758,2.4267366,-5.6622143,11.865744,0.8603602,0.20202312,0.20270270270270282,0.08319492677034551,3.4243495,0.6122632,True,Neuroendocrine MCs vs Rest,Neuroendocrine MCs,Rest
Ccdc85a,0.955,0.04500000000000004,3.0550486389594163,0.0006799166,0.00019155267,0.0,0.25,2.5486293,2.4496565,1.8701487,-3.1730843,10.790365,1.1261263,0.20655304,0.3333333333333337,0.07957119130303464,4.8467393,0.8601827,True,Neuroendocrine MCs vs Rest,Neuroendocrine MCs,Rest
Gm40348,0.955,0.04500000000000004,3.0550486389594163,8.777141e-05,4.0112565e-05,0.0,0.25,2.901139,2.8381824,3.1570134,-6.9126663,12.352903,0.21171169,0.10297433,0.14414414414414414,0.05224218632039846,0.8984792,0.3139583,True,Neuroendocrine MCs vs Rest,Neuroendocrine MCs,Rest
Rnf186,0.9548,0.04520000000000002,3.0504045968609734,0.00022221492,7.458174e-05,0.0,0.25,2.6513095,2.7242684,2.2553425,-5.827656,10.107396,0.53603595,0.221199,0.23873873873873894,0.10946700890834934,2.3007512,0.6996618,True,Neuroendocrine MCs vs Rest,Neuroendocrine MCs,Rest
Tmc5,0.9546,0.045399999999999996,3.0457800897357927,0.0005316063,0.00019015871,0.0,0.25,2.3077135,2.3713965,1.902841,-5.6416187,7.8928347,0.7567566,0.34953853,0.274774774774775,0.12894458704514566,3.3948057,1.210459,True,Neuroendocrine MCs vs Rest,Neuroendocrine MCs,Rest
Tent5a,0.9546,0.045399999999999996,3.0457800897357927,0.0015380102,0.00040853667,0.0,0.25,2.1944904,2.1248512,1.5031455,-3.2953844,8.215591,3.6486502,0.7093414,0.7117117117117102,0.26105994262420007,17.749641,3.2357645,True,Neuroendocrine MCs vs Rest,Neuroendocrine MCs,Rest
Scn8a,0.9546,0.045399999999999996,3.0457800897357927,0.00037807328,9.746775e-05,0.0,0.25,2.6857655,2.5242558,1.9556868,-2.9441013,9.310328,1.0225224,0.4109897,0.4639639639639646,0.18284765212139986,4.692547,1.2119415,True,Neuroendocrine MCs vs Rest,Neuroendocrine MCs,Rest
Krt80,0.954,0.04600000000000004,3.03202206805009,0.00016600503,0.000100716854,0.0,0.25,1.8319337,2.0310326,1.8139353,-6.7296057,7.037365,0.3063062,0.20927075,0.20720720720720734,0.09451910010569199,1.2476317,0.71971196,True,Neuroendocrine MCs vs Rest,Neuroendocrine MCs,Rest
Cntnap5c,0.954,0.04600000000000004,3.03202206805009,0.0002083174,5.806657e-05,0.0,0.25,3.1193511,2.9012804,3.2929065,-7.915825,16.423784,0.4819819,0.15582058,0.12162162162162157,0.04318284765212128,1.6856563,0.41116005,True,Neuroendocrine MCs vs Rest,Neuroendocrine MCs,Rest
Atp8a2,0.9538,0.04620000000000002,3.0274740018106154,0.00041793977,0.00010377777,0.0,0.25,2.1905954,2.2091088,1.5875877,-3.794632,8.466263,1.0765766,0.21546154,0.44144144144144204,0.11686546882077571,6.165608,0.8894277,True,Neuroendocrine MCs vs Rest,Neuroendocrine MCs,Rest
Malrd1,0.9536,0.0464,3.0229446320482345,0.00085709465,0.00030510608,0.0,0.25,2.7032797,2.603798,2.495162,-5.515624,11.095567,1.355856,0.529517,0.27927927927927954,0.11429865619809718,6.373138,2.2184432,True,Neuroendocrine MCs vs Rest,Neuroendocrine MCs,Rest
Insm1,0.9536,0.0464,3.0229446320482345,0.0015648585,0.0004069151,0.0,0.25,3.0740833,2.7508936,2.288751,-2.5553875,9.564356,3.7792807,1.3664553,0.846846846846844,0.3258342141023879,18.013147,3.8507073,True,Neuroendocrine MCs vs Rest,Neuroendocrine MCs,Rest
Klk1b27,0.9532,0.04679999999999995,3.0139413391167738,0.00012417734,5.434646e-05,0.0,0.25,2.9968681,2.6541877,4.1984305,-8.582136,16.268486,0.35135135,0.118677266,0.1306306306306306,0.03699229956213187,1.1448424,0.3185461,True,Neuroendocrine MCs vs Rest,Neuroendocrine MCs,Rest
Serpina7,0.9532,0.04679999999999995,3.0139413391167738,0.00043819446,0.0002476239,0.0,0.25,2.3637805,2.4315186,3.0667484,-9.196674,11.902622,1.504505,0.7443745,0.1306306306306306,0.0930092103276458,3.7167351,2.1052325,True,Neuroendocrine MCs vs Rest,Neuroendocrine MCs,Rest
Map3k15,0.9532,0.04679999999999995,3.0139413391167738,0.0006565933,0.00016855527,0.0,0.25,2.5444746,2.4563408,1.8899797,-3.3476582,10.439997,2.1576583,0.4657986,0.5315315315315319,0.19492677034577055,8.392343,1.5357497,True,Neuroendocrine MCs vs Rest,Neuroendocrine MCs,Rest
Cdo1,0.953,0.04700000000000004,3.0094670996713875,0.0010703441,0.00033333793,0.0,0.25,2.0647135,1.972353,1.4619021,-2.6366034,9.019444,3.0135152,0.85262936,0.738738738738737,0.24656500075495524,11.845594,3.1120389,True,Neuroendocrine MCs vs Rest,Neuroendocrine MCs,Rest
Ints6l,0.953,0.04700000000000004,3.0094670996713875,0.0013632234,0.00035774015,0.0,0.25,2.2370327,2.1999474,1.5756917,-3.6254644,8.005737,2.6081092,0.58945507,0.729729729729728,0.28793598067342485,12.572485,3.3016958,True,Neuroendocrine MCs vs Rest,Neuroendocrine MCs,Rest
Sytl2,0.9528,0.04720000000000002,3.005010924080578,0.00016790243,3.9128325e-05,0.0,0.25,3.7450874,3.2901921,3.1523402,-3.9494696,13.191802,0.43243238,0.07473959,0.17567567567567574,0.03533142080628105,1.870318,0.22170672,True,Neuroendocrine MCs vs Rest,Neuroendocrine MCs,Rest
Smim24,0.9528,0.04720000000000002,3.005010924080578,0.0003654734,0.00010871045,0.0,0.25,2.328942,2.3776946,1.7042955,-4.1621923,7.9107294,0.77927905,0.37747034,0.4009009009009014,0.1704665559414199,3.420925,1.1087927,True,Neuroendocrine MCs vs Rest,Neuroendocrine MCs,Rest
Cntnap2,0.9526,0.0474,3.0005726591928727,0.002725269,0.0007586418,0.0,0.25,2.5505645,2.429422,1.9105824,-3.145721,8.927509,7.572077,2.5772374,0.6846846846846835,0.35799486637477484,32.894268,8.288656,True,Neuroendocrine MCs vs Rest,Neuroendocrine MCs,Rest
